model,f5Level,state,machineT,f5Rmu,x_lat,y_vert,z_long,dY_fromBase,dZ_fromBase,verticalThrustArm,readyDrive_dZ,aftOfRear,aheadOfFront
F5_BASE,LOW,SPREAD,0,12.0000,0.00000000,1.556087,-0.331830,0.000000,0.000000,0.776087,,false,false
F5_BASE,LOW,MID_FOLD,0.15,12.0000,0.00000000,1.526994,-0.327814,0.000000,0.000000,0.746994,,false,false
F5_BASE,LOW,POST_YAW,0.54,12.0000,0.00000000,1.453809,-0.889139,0.000000,0.000000,0.673809,,false,false
F5_BASE,LOW,POST_HAUNCH_CANT,0.7,12.0000,-0.00000000,1.318401,-0.888983,0.000000,0.000000,0.538401,,false,false
F5_BASE,LOW,STRUCTURAL_READY,0.84,12.0000,0.00000000,1.318401,-0.888881,0.000000,0.000000,0.538401,,false,false
F5_BASE,LOW,DRIVE,1,12.0000,0.00000000,1.318401,-1.275396,0.000000,0.000000,0.538401,-0.386515,false,false
F5_BASE,NOMINAL,SPREAD,0,20.0000,0.00000000,1.496600,-0.321283,0.000000,0.000000,0.716600,,false,false
F5_BASE,NOMINAL,MID_FOLD,0.15,20.0000,0.00000000,1.469834,-0.317589,0.000000,0.000000,0.689834,,false,false
F5_BASE,NOMINAL,POST_YAW,0.54,20.0000,0.00000000,1.402504,-0.834007,0.000000,0.000000,0.622504,,false,false
F5_BASE,NOMINAL,POST_HAUNCH_CANT,0.7,20.0000,-0.00000000,1.277929,-0.833865,0.000000,0.000000,0.497929,,false,false
F5_BASE,NOMINAL,STRUCTURAL_READY,0.84,20.0000,0.00000000,1.277929,-0.833771,0.000000,0.000000,0.497929,,false,false
F5_BASE,NOMINAL,DRIVE,1,20.0000,0.00000000,1.277929,-1.189365,0.000000,0.000000,0.497929,-0.355594,false,false
F5_BASE,HIGH,SPREAD,0,30.0000,0.00000000,1.434409,-0.310258,0.000000,0.000000,0.654409,,false,false
F5_BASE,HIGH,MID_FOLD,0.15,30.0000,0.00000000,1.410077,-0.306899,0.000000,0.000000,0.630077,,false,false
F5_BASE,HIGH,POST_YAW,0.54,30.0000,0.00000000,1.348868,-0.776370,0.000000,0.000000,0.568868,,false,false
F5_BASE,HIGH,POST_HAUNCH_CANT,0.7,30.0000,-0.00000000,1.235617,-0.776240,0.000000,0.000000,0.455617,,false,false
F5_BASE,HIGH,STRUCTURAL_READY,0.84,30.0000,0.00000000,1.235617,-0.776155,0.000000,0.000000,0.455617,,false,false
F5_BASE,HIGH,DRIVE,1,30.0000,0.00000000,1.235617,-1.099422,0.000000,0.000000,0.455617,-0.323267,false,false
F5_FORWARD_PROXY,LOW,SPREAD,0,12.0000,0.00000000,1.556739,-0.119873,0.000652,0.211957,0.776739,,false,false
F5_FORWARD_PROXY,LOW,MID_FOLD,0.15,12.0000,0.00000000,1.527646,-0.115858,0.000652,0.211957,0.747646,,false,false
F5_FORWARD_PROXY,LOW,POST_YAW,0.54,12.0000,0.00000000,1.454461,-0.677182,0.000652,0.211957,0.674461,,false,false
F5_FORWARD_PROXY,LOW,POST_HAUNCH_CANT,0.7,12.0000,-0.00000000,1.319053,-0.677027,0.000652,0.211957,0.539053,,false,false
F5_FORWARD_PROXY,LOW,STRUCTURAL_READY,0.84,12.0000,0.00000000,1.319053,-0.676925,0.000652,0.211957,0.539053,,false,false
F5_FORWARD_PROXY,LOW,DRIVE,1,12.0000,0.00000000,1.319053,-1.063440,0.000652,0.211957,0.539053,-0.386515,false,false
F5_FORWARD_PROXY,NOMINAL,SPREAD,0,20.0000,0.00000000,1.497600,0.003717,0.001000,0.325000,0.717600,,false,false
F5_FORWARD_PROXY,NOMINAL,MID_FOLD,0.15,20.0000,0.00000000,1.470834,0.007411,0.001000,0.325000,0.690834,,false,false
F5_FORWARD_PROXY,NOMINAL,POST_YAW,0.54,20.0000,0.00000000,1.403504,-0.509007,0.001000,0.325000,0.623504,,false,false
F5_FORWARD_PROXY,NOMINAL,POST_HAUNCH_CANT,0.7,20.0000,-0.00000000,1.278929,-0.508865,0.001000,0.325000,0.498929,,false,false
F5_FORWARD_PROXY,NOMINAL,STRUCTURAL_READY,0.84,20.0000,0.00000000,1.278929,-0.508771,0.001000,0.325000,0.498929,,false,false
F5_FORWARD_PROXY,NOMINAL,DRIVE,1,20.0000,0.00000000,1.278929,-0.864365,0.001000,0.325000,0.498929,-0.355594,false,false
F5_FORWARD_PROXY,HIGH,SPREAD,0,30.0000,0.00000000,1.435773,0.132924,0.001364,0.443182,0.655773,,false,false
F5_FORWARD_PROXY,HIGH,MID_FOLD,0.15,30.0000,0.00000000,1.411440,0.136283,0.001364,0.443182,0.631440,,false,false
F5_FORWARD_PROXY,HIGH,POST_YAW,0.54,30.0000,0.00000000,1.350231,-0.333189,0.001364,0.443182,0.570231,,false,false
F5_FORWARD_PROXY,HIGH,POST_HAUNCH_CANT,0.7,30.0000,-0.00000000,1.236981,-0.333059,0.001364,0.443182,0.456981,,false,false
F5_FORWARD_PROXY,HIGH,STRUCTURAL_READY,0.84,30.0000,0.00000000,1.236981,-0.332973,0.001364,0.443182,0.456981,,false,false
F5_FORWARD_PROXY,HIGH,DRIVE,1,30.0000,0.00000000,1.236981,-0.656241,0.001364,0.443182,0.456981,-0.323267,false,false
F5_AFT_PROXY,LOW,SPREAD,0,12.0000,0.00000000,1.555761,-0.730308,-0.000326,-0.398478,0.775761,,false,false
F5_AFT_PROXY,LOW,MID_FOLD,0.15,12.0000,0.00000000,1.526668,-0.726292,-0.000326,-0.398478,0.746668,,false,false
F5_AFT_PROXY,LOW,POST_YAW,0.54,12.0000,0.00000000,1.453483,-1.287617,-0.000326,-0.398478,0.673483,,false,false
F5_AFT_PROXY,LOW,POST_HAUNCH_CANT,0.7,12.0000,-0.00000000,1.318075,-1.287461,-0.000326,-0.398478,0.538075,,false,false
F5_AFT_PROXY,LOW,STRUCTURAL_READY,0.84,12.0000,0.00000000,1.318075,-1.287360,-0.000326,-0.398478,0.538075,,false,false
F5_AFT_PROXY,LOW,DRIVE,1,12.0000,0.00000000,1.318075,-1.673875,-0.000326,-0.398478,0.538075,-0.386515,false,false
F5_AFT_PROXY,NOMINAL,SPREAD,0,20.0000,0.00000000,1.496100,-0.932283,-0.000500,-0.611000,0.716100,,true,false
F5_AFT_PROXY,NOMINAL,MID_FOLD,0.15,20.0000,0.00000000,1.469334,-0.928589,-0.000500,-0.611000,0.689334,,false,false
F5_AFT_PROXY,NOMINAL,POST_YAW,0.54,20.0000,0.00000000,1.402004,-1.445007,-0.000500,-0.611000,0.622004,,false,false
F5_AFT_PROXY,NOMINAL,POST_HAUNCH_CANT,0.7,20.0000,-0.00000000,1.277429,-1.444865,-0.000500,-0.611000,0.497429,,false,false
F5_AFT_PROXY,NOMINAL,STRUCTURAL_READY,0.84,20.0000,0.00000000,1.277429,-1.444771,-0.000500,-0.611000,0.497429,,false,false
F5_AFT_PROXY,NOMINAL,DRIVE,1,20.0000,0.00000000,1.277429,-1.800365,-0.000500,-0.611000,0.497429,-0.355594,false,false
F5_AFT_PROXY,HIGH,SPREAD,0,30.0000,0.00000000,1.433727,-1.143440,-0.000682,-0.833182,0.653727,,true,false
F5_AFT_PROXY,HIGH,MID_FOLD,0.15,30.0000,0.00000000,1.409395,-1.140081,-0.000682,-0.833182,0.629395,,false,false
F5_AFT_PROXY,HIGH,POST_YAW,0.54,30.0000,0.00000000,1.348186,-1.609552,-0.000682,-0.833182,0.568186,,false,false
F5_AFT_PROXY,HIGH,POST_HAUNCH_CANT,0.7,30.0000,-0.00000000,1.234936,-1.609422,-0.000682,-0.833182,0.454936,,false,false
F5_AFT_PROXY,HIGH,STRUCTURAL_READY,0.84,30.0000,0.00000000,1.234936,-1.609337,-0.000682,-0.833182,0.454936,,false,false
F5_AFT_PROXY,HIGH,DRIVE,1,30.0000,0.00000000,1.234936,-1.932604,-0.000682,-0.833182,0.454936,-0.323267,false,false
F5_SPLIT_50_50,LOW,SPREAD,0,12.0000,0.00000000,1.556250,-0.425091,0.000163,-0.093261,0.776250,,false,false
F5_SPLIT_50_50,LOW,MID_FOLD,0.15,12.0000,0.00000000,1.527157,-0.421075,0.000163,-0.093261,0.747157,,false,false
F5_SPLIT_50_50,LOW,POST_YAW,0.54,12.0000,0.00000000,1.453972,-0.982399,0.000163,-0.093261,0.673972,,false,false
F5_SPLIT_50_50,LOW,POST_HAUNCH_CANT,0.7,12.0000,-0.00000000,1.318564,-0.982244,0.000163,-0.093261,0.538564,,false,false
F5_SPLIT_50_50,LOW,STRUCTURAL_READY,0.84,12.0000,0.00000000,1.318564,-0.982142,0.000163,-0.093261,0.538564,,false,false
F5_SPLIT_50_50,LOW,DRIVE,1,12.0000,0.00000000,1.318564,-1.368657,0.000163,-0.093261,0.538564,-0.386515,false,false
F5_SPLIT_50_50,NOMINAL,SPREAD,0,20.0000,0.00000000,1.496850,-0.464283,0.000250,-0.143000,0.716850,,false,false
F5_SPLIT_50_50,NOMINAL,MID_FOLD,0.15,20.0000,0.00000000,1.470084,-0.460589,0.000250,-0.143000,0.690084,,false,false
F5_SPLIT_50_50,NOMINAL,POST_YAW,0.54,20.0000,0.00000000,1.402754,-0.977007,0.000250,-0.143000,0.622754,,false,false
F5_SPLIT_50_50,NOMINAL,POST_HAUNCH_CANT,0.7,20.0000,-0.00000000,1.278179,-0.976865,0.000250,-0.143000,0.498179,,false,false
F5_SPLIT_50_50,NOMINAL,STRUCTURAL_READY,0.84,20.0000,0.00000000,1.278179,-0.976771,0.000250,-0.143000,0.498179,,false,false
F5_SPLIT_50_50,NOMINAL,DRIVE,1,20.0000,0.00000000,1.278179,-1.332365,0.000250,-0.143000,0.498179,-0.355594,false,false
F5_SPLIT_50_50,HIGH,SPREAD,0,30.0000,0.00000000,1.434750,-0.505258,0.000341,-0.195000,0.654750,,false,false
F5_SPLIT_50_50,HIGH,MID_FOLD,0.15,30.0000,0.00000000,1.410418,-0.501899,0.000341,-0.195000,0.630418,,false,false
F5_SPLIT_50_50,HIGH,POST_YAW,0.54,30.0000,0.00000000,1.349208,-0.971370,0.000341,-0.195000,0.569208,,false,false
F5_SPLIT_50_50,HIGH,POST_HAUNCH_CANT,0.7,30.0000,-0.00000000,1.235958,-0.971240,0.000341,-0.195000,0.455958,,false,false
F5_SPLIT_50_50,HIGH,STRUCTURAL_READY,0.84,30.0000,0.00000000,1.235958,-0.971155,0.000341,-0.195000,0.455958,,false,false
F5_SPLIT_50_50,HIGH,DRIVE,1,30.0000,0.00000000,1.235958,-1.294422,0.000341,-0.195000,0.455958,-0.323267,false,false
F5_SPLIT_75F_25A,LOW,SPREAD,0,12.0000,0.00000000,1.556495,-0.272482,0.000408,0.059348,0.776495,,false,false
F5_SPLIT_75F_25A,LOW,MID_FOLD,0.15,12.0000,0.00000000,1.527401,-0.268466,0.000408,0.059348,0.747401,,false,false
F5_SPLIT_75F_25A,LOW,POST_YAW,0.54,12.0000,0.00000000,1.454217,-0.829791,0.000408,0.059348,0.674217,,false,false
F5_SPLIT_75F_25A,LOW,POST_HAUNCH_CANT,0.7,12.0000,-0.00000000,1.318809,-0.829635,0.000408,0.059348,0.538809,,false,false
F5_SPLIT_75F_25A,LOW,STRUCTURAL_READY,0.84,12.0000,0.00000000,1.318809,-0.829533,0.000408,0.059348,0.538809,,false,false
F5_SPLIT_75F_25A,LOW,DRIVE,1,12.0000,0.00000000,1.318809,-1.216048,0.000408,0.059348,0.538809,-0.386515,false,false
F5_SPLIT_75F_25A,NOMINAL,SPREAD,0,20.0000,0.00000000,1.497225,-0.230283,0.000625,0.091000,0.717225,,false,false
F5_SPLIT_75F_25A,NOMINAL,MID_FOLD,0.15,20.0000,0.00000000,1.470459,-0.226589,0.000625,0.091000,0.690459,,false,false
F5_SPLIT_75F_25A,NOMINAL,POST_YAW,0.54,20.0000,0.00000000,1.403129,-0.743007,0.000625,0.091000,0.623129,,false,false
F5_SPLIT_75F_25A,NOMINAL,POST_HAUNCH_CANT,0.7,20.0000,-0.00000000,1.278554,-0.742865,0.000625,0.091000,0.498554,,false,false
F5_SPLIT_75F_25A,NOMINAL,STRUCTURAL_READY,0.84,20.0000,0.00000000,1.278554,-0.742771,0.000625,0.091000,0.498554,,false,false
F5_SPLIT_75F_25A,NOMINAL,DRIVE,1,20.0000,0.00000000,1.278554,-1.098365,0.000625,0.091000,0.498554,-0.355594,false,false
F5_SPLIT_75F_25A,HIGH,SPREAD,0,30.0000,0.00000000,1.435261,-0.186167,0.000852,0.124091,0.655261,,false,false
F5_SPLIT_75F_25A,HIGH,MID_FOLD,0.15,30.0000,0.00000000,1.410929,-0.182808,0.000852,0.124091,0.630929,,false,false
F5_SPLIT_75F_25A,HIGH,POST_YAW,0.54,30.0000,0.00000000,1.349720,-0.652279,0.000852,0.124091,0.569720,,false,false
F5_SPLIT_75F_25A,HIGH,POST_HAUNCH_CANT,0.7,30.0000,-0.00000000,1.236470,-0.652150,0.000852,0.124091,0.456470,,false,false
F5_SPLIT_75F_25A,HIGH,STRUCTURAL_READY,0.84,30.0000,0.00000000,1.236470,-0.652064,0.000852,0.124091,0.456470,,false,false
F5_SPLIT_75F_25A,HIGH,DRIVE,1,30.0000,0.00000000,1.236470,-0.975331,0.000852,0.124091,0.456470,-0.323267,false,false
F5_SPLIT_25F_75A,LOW,SPREAD,0,12.0000,0.00000000,1.556005,-0.577699,-0.000082,-0.245870,0.776005,,false,false
F5_SPLIT_25F_75A,LOW,MID_FOLD,0.15,12.0000,0.00000000,1.526912,-0.573684,-0.000082,-0.245870,0.746912,,false,false
F5_SPLIT_25F_75A,LOW,POST_YAW,0.54,12.0000,0.00000000,1.453728,-1.135008,-0.000082,-0.245870,0.673728,,false,false
F5_SPLIT_25F_75A,LOW,POST_HAUNCH_CANT,0.7,12.0000,-0.00000000,1.318320,-1.134853,-0.000082,-0.245870,0.538320,,false,false
F5_SPLIT_25F_75A,LOW,STRUCTURAL_READY,0.84,12.0000,0.00000000,1.318320,-1.134751,-0.000082,-0.245870,0.538320,,false,false
F5_SPLIT_25F_75A,LOW,DRIVE,1,12.0000,0.00000000,1.318320,-1.521266,-0.000082,-0.245870,0.538320,-0.386515,false,false
F5_SPLIT_25F_75A,NOMINAL,SPREAD,0,20.0000,0.00000000,1.496475,-0.698283,-0.000125,-0.377000,0.716475,,false,false
F5_SPLIT_25F_75A,NOMINAL,MID_FOLD,0.15,20.0000,0.00000000,1.469709,-0.694589,-0.000125,-0.377000,0.689709,,false,false
F5_SPLIT_25F_75A,NOMINAL,POST_YAW,0.54,20.0000,0.00000000,1.402379,-1.211007,-0.000125,-0.377000,0.622379,,false,false
F5_SPLIT_25F_75A,NOMINAL,POST_HAUNCH_CANT,0.7,20.0000,-0.00000000,1.277804,-1.210865,-0.000125,-0.377000,0.497804,,false,false
F5_SPLIT_25F_75A,NOMINAL,STRUCTURAL_READY,0.84,20.0000,0.00000000,1.277804,-1.210771,-0.000125,-0.377000,0.497804,,false,false
F5_SPLIT_25F_75A,NOMINAL,DRIVE,1,20.0000,0.00000000,1.277804,-1.566365,-0.000125,-0.377000,0.497804,-0.355594,false,false
F5_SPLIT_25F_75A,HIGH,SPREAD,0,30.0000,0.00000000,1.434239,-0.824349,-0.000170,-0.514091,0.654239,,false,false
F5_SPLIT_25F_75A,HIGH,MID_FOLD,0.15,30.0000,0.00000000,1.409906,-0.820990,-0.000170,-0.514091,0.629906,,false,false
F5_SPLIT_25F_75A,HIGH,POST_YAW,0.54,30.0000,0.00000000,1.348697,-1.290461,-0.000170,-0.514091,0.568697,,false,false
F5_SPLIT_25F_75A,HIGH,POST_HAUNCH_CANT,0.7,30.0000,-0.00000000,1.235447,-1.290331,-0.000170,-0.514091,0.455447,,false,false
F5_SPLIT_25F_75A,HIGH,STRUCTURAL_READY,0.84,30.0000,0.00000000,1.235447,-1.290246,-0.000170,-0.514091,0.455447,,false,false
F5_SPLIT_25F_75A,HIGH,DRIVE,1,30.0000,0.00000000,1.235447,-1.613513,-0.000170,-0.514091,0.455447,-0.323267,false,false
F5_GEOMETRIC_EXTREME_FORWARD,LOW,SPREAD,0,12.0000,0.00000000,1.556087,0.287735,0.000000,0.619565,0.776087,,false,false
F5_GEOMETRIC_EXTREME_FORWARD,LOW,MID_FOLD,0.15,12.0000,0.00000000,1.526994,0.291751,0.000000,0.619565,0.746994,,false,false
F5_GEOMETRIC_EXTREME_FORWARD,LOW,POST_YAW,0.54,12.0000,0.00000000,1.453809,-0.269573,0.000000,0.619565,0.673809,,false,false
F5_GEOMETRIC_EXTREME_FORWARD,LOW,POST_HAUNCH_CANT,0.7,12.0000,-0.00000000,1.318401,-0.269418,0.000000,0.619565,0.538401,,false,false
F5_GEOMETRIC_EXTREME_FORWARD,LOW,STRUCTURAL_READY,0.84,12.0000,0.00000000,1.318401,-0.269316,0.000000,0.619565,0.538401,,false,false
F5_GEOMETRIC_EXTREME_FORWARD,LOW,DRIVE,1,12.0000,0.00000000,1.318401,-0.655831,0.000000,0.619565,0.538401,-0.386515,false,false
F5_GEOMETRIC_EXTREME_FORWARD,NOMINAL,SPREAD,0,20.0000,0.00000000,1.496600,0.628717,0.000000,0.950000,0.716600,,false,false
F5_GEOMETRIC_EXTREME_FORWARD,NOMINAL,MID_FOLD,0.15,20.0000,0.00000000,1.469834,0.632411,0.000000,0.950000,0.689834,,false,false
F5_GEOMETRIC_EXTREME_FORWARD,NOMINAL,POST_YAW,0.54,20.0000,0.00000000,1.402504,0.115993,0.000000,0.950000,0.622504,,false,false
F5_GEOMETRIC_EXTREME_FORWARD,NOMINAL,POST_HAUNCH_CANT,0.7,20.0000,-0.00000000,1.277929,0.116135,0.000000,0.950000,0.497929,,false,false
F5_GEOMETRIC_EXTREME_FORWARD,NOMINAL,STRUCTURAL_READY,0.84,20.0000,0.00000000,1.277929,0.116229,0.000000,0.950000,0.497929,,false,false
F5_GEOMETRIC_EXTREME_FORWARD,NOMINAL,DRIVE,1,20.0000,0.00000000,1.277929,-0.239365,0.000000,0.950000,0.497929,-0.355594,false,false
F5_GEOMETRIC_EXTREME_FORWARD,HIGH,SPREAD,0,30.0000,0.00000000,1.434409,0.985197,0.000000,1.295455,0.654409,,false,false
F5_GEOMETRIC_EXTREME_FORWARD,HIGH,MID_FOLD,0.15,30.0000,0.00000000,1.410077,0.988555,0.000000,1.295455,0.630077,,false,false
F5_GEOMETRIC_EXTREME_FORWARD,HIGH,POST_YAW,0.54,30.0000,0.00000000,1.348868,0.519084,0.000000,1.295455,0.568868,,false,false
F5_GEOMETRIC_EXTREME_FORWARD,HIGH,POST_HAUNCH_CANT,0.7,30.0000,-0.00000000,1.235617,0.519214,0.000000,1.295455,0.455617,,false,false
F5_GEOMETRIC_EXTREME_FORWARD,HIGH,STRUCTURAL_READY,0.84,30.0000,0.00000000,1.235617,0.519299,0.000000,1.295455,0.455617,,false,false
F5_GEOMETRIC_EXTREME_FORWARD,HIGH,DRIVE,1,30.0000,0.00000000,1.235617,0.196032,0.000000,1.295455,0.455617,-0.323267,false,false
F5_GEOMETRIC_EXTREME_AFT,LOW,SPREAD,0,12.0000,0.00000000,1.556087,-0.951395,0.000000,-0.619565,0.776087,,true,false
F5_GEOMETRIC_EXTREME_AFT,LOW,MID_FOLD,0.15,12.0000,0.00000000,1.526994,-0.947379,0.000000,-0.619565,0.746994,,false,false
F5_GEOMETRIC_EXTREME_AFT,LOW,POST_YAW,0.54,12.0000,0.00000000,1.453809,-1.508704,0.000000,-0.619565,0.673809,,false,false
F5_GEOMETRIC_EXTREME_AFT,LOW,POST_HAUNCH_CANT,0.7,12.0000,-0.00000000,1.318401,-1.508548,0.000000,-0.619565,0.538401,,false,false
F5_GEOMETRIC_EXTREME_AFT,LOW,STRUCTURAL_READY,0.84,12.0000,0.00000000,1.318401,-1.508446,0.000000,-0.619565,0.538401,,false,false
F5_GEOMETRIC_EXTREME_AFT,LOW,DRIVE,1,12.0000,0.00000000,1.318401,-1.894961,0.000000,-0.619565,0.538401,-0.386515,false,false
F5_GEOMETRIC_EXTREME_AFT,NOMINAL,SPREAD,0,20.0000,0.00000000,1.496600,-1.271283,0.000000,-0.950000,0.716600,,true,false
F5_GEOMETRIC_EXTREME_AFT,NOMINAL,MID_FOLD,0.15,20.0000,0.00000000,1.469834,-1.267589,0.000000,-0.950000,0.689834,,false,false
F5_GEOMETRIC_EXTREME_AFT,NOMINAL,POST_YAW,0.54,20.0000,0.00000000,1.402504,-1.784007,0.000000,-0.950000,0.622504,,false,false
F5_GEOMETRIC_EXTREME_AFT,NOMINAL,POST_HAUNCH_CANT,0.7,20.0000,-0.00000000,1.277929,-1.783865,0.000000,-0.950000,0.497929,,false,false
F5_GEOMETRIC_EXTREME_AFT,NOMINAL,STRUCTURAL_READY,0.84,20.0000,0.00000000,1.277929,-1.783771,0.000000,-0.950000,0.497929,,false,false
F5_GEOMETRIC_EXTREME_AFT,NOMINAL,DRIVE,1,20.0000,0.00000000,1.277929,-2.139365,0.000000,-0.950000,0.497929,-0.355594,false,false
F5_GEOMETRIC_EXTREME_AFT,HIGH,SPREAD,0,30.0000,0.00000000,1.434409,-1.605712,0.000000,-1.295455,0.654409,,true,false
F5_GEOMETRIC_EXTREME_AFT,HIGH,MID_FOLD,0.15,30.0000,0.00000000,1.410077,-1.602354,0.000000,-1.295455,0.630077,,false,false
F5_GEOMETRIC_EXTREME_AFT,HIGH,POST_YAW,0.54,30.0000,0.00000000,1.348868,-2.071825,0.000000,-1.295455,0.568868,,false,false
F5_GEOMETRIC_EXTREME_AFT,HIGH,POST_HAUNCH_CANT,0.7,30.0000,-0.00000000,1.235617,-2.071695,0.000000,-1.295455,0.455617,,false,false
F5_GEOMETRIC_EXTREME_AFT,HIGH,STRUCTURAL_READY,0.84,30.0000,0.00000000,1.235617,-2.071610,0.000000,-1.295455,0.455617,,false,false
F5_GEOMETRIC_EXTREME_AFT,HIGH,DRIVE,1,30.0000,0.00000000,1.235617,-2.394877,0.000000,-1.295455,0.455617,-0.323267,false,false